<?xml version="1.0" encoding="UTF-8"?>
<territory-type>
    <territory color="872381884">
        <zone name="Water" smin="0" smax="0" dmin="0" dmax="0" x="1199.53" z="8727.71" r="80"/>
        <zone name="Graze" smin="0" smax="0" dmin="0" dmax="0" x="1249.82" z="8894.84" r="50"/>
        <zone name="Graze" smin="0" smax="0" dmin="0" dmax="0" x="1144.44" z="9050.4" r="50"/>
        <zone name="Rest" smin="0" smax="0" dmin="0" dmax="0" x="1228.28" z="8815.27" r="50"/>
        <zone name="Rest" smin="0" smax="0" dmin="0" dmax="0" x="1183.66" z="8870.13" r="50"/>
    </territory>
    <territory color="872381884">
        <zone name="Water" smin="0" smax="0" dmin="0" dmax="0" x="3326.98" z="5277.07" r="50"/>
        <zone name="Graze" smin="0" smax="0" dmin="0" dmax="0" x="3682.81" z="5334.07" r="80"/>
        <zone name="Graze" smin="0" smax="0" dmin="0" dmax="0" x="3423.14" z="5113.07" r="80"/>
        <zone name="Graze" smin="0" smax="0" dmin="0" dmax="0" x="3653.98" z="5235.74" r="60"/>
        <zone name="Rest" smin="0" smax="0" dmin="0" dmax="0" x="3569.98" z="5315.91" r="60"/>
        <zone name="Rest" smin="0" smax="0" dmin="0" dmax="0" x="3581.81" z="5378.57" r="50"/>
    </territory>
    <territory color="872381884">
        <zone name="Water" smin="0" smax="0" dmin="0" dmax="0" x="3118.13" z="8451.51" r="60"/>
        <zone name="Graze" smin="0" smax="0" dmin="0" dmax="0" x="2758.81" z="7971.23" r="100"/>
        <zone name="Graze" smin="0" smax="0" dmin="0" dmax="0" x="2962.81" z="8162.82" r="70"/>
        <zone name="Graze" smin="0" smax="0" dmin="0" dmax="0" x="2777.36" z="7786.87" r="80"/>
        <zone name="Rest" smin="0" smax="0" dmin="0" dmax="0" x="3392.08" z="8109.92" r="50"/>
        <zone name="Rest" smin="0" smax="0" dmin="0" dmax="0" x="2998.5" z="7814.14" r="60"/>
        <zone name="Rest" smin="0" smax="0" dmin="0" dmax="0" x="2806.13" z="8094.1" r="50"/>
    </territory>
    <territory color="872381884">
        <zone name="Water" smin="0" smax="0" dmin="0" dmax="0" x="5314.09" z="5040.26" r="70"/>
        <zone name="Graze" smin="0" smax="0" dmin="0" dmax="0" x="5563.15" z="4834.55" r="80"/>
        <zone name="Graze" smin="0" smax="0" dmin="0" dmax="0" x="5668.05" z="4804.16" r="80"/>
        <zone name="Graze" smin="0" smax="0" dmin="0" dmax="0" x="5480.23" z="5074.06" r="80"/>
        <zone name="Rest" smin="0" smax="0" dmin="0" dmax="0" x="5633.86" z="4714.84" r="50"/>
        <zone name="Rest" smin="0" smax="0" dmin="0" dmax="0" x="5530.62" z="4998.77" r="50"/>
    </territory>
    <territory color="872381884">
        <zone name="Graze" smin="0" smax="0" dmin="0" dmax="0" x="13710.4" z="12222.4" r="50"/>
        <zone name="Graze" smin="0" smax="0" dmin="0" dmax="0" x="13581.3" z="12359.8" r="60"/>
        <zone name="Rest" smin="0" smax="0" dmin="0" dmax="0" x="13560.5" z="12415.3" r="50"/>
        <zone name="Graze" smin="0" smax="0" dmin="0" dmax="0" x="13817.8" z="12104.4" r="70"/>
        <zone name="Rest" smin="0" smax="0" dmin="0" dmax="0" x="13464.3" z="12428" r="55"/>
        <zone name="Rest" smin="0" smax="0" dmin="0" dmax="0" x="13753.5" z="12152.6" r="50"/>
        <zone name="Water" smin="0" smax="0" dmin="0" dmax="0" x="13836" z="12232.1" r="60"/>
    </territory>
    <territory color="872381884">
        <zone name="Water" smin="0" smax="0" dmin="0" dmax="0" x="8534.8" z="11595.6" r="60"/>
        <zone name="Graze" smin="0" smax="0" dmin="0" dmax="0" x="8807.61" z="11551.9" r="80"/>
        <zone name="Graze" smin="0" smax="0" dmin="0" dmax="0" x="8835.59" z="11678.5" r="80"/>
        <zone name="Graze" smin="0" smax="0" dmin="0" dmax="0" x="8676.36" z="11619.6" r="70"/>
        <zone name="Rest" smin="0" smax="0" dmin="0" dmax="0" x="9085.9" z="11567.7" r="60"/>
        <zone name="Rest" smin="0" smax="0" dmin="0" dmax="0" x="8744.72" z="11724.7" r="50"/>
        <zone name="Rest" smin="0" smax="0" dmin="0" dmax="0" x="8957.82" z="11680.2" r="60"/>
    </territory>
    <territory color="872381884">
        <zone name="Water" smin="0" smax="0" dmin="0" dmax="0" x="5632.54" z="8582.36" r="60"/>
        <zone name="Graze" smin="0" smax="0" dmin="0" dmax="0" x="5413.12" z="8520.99" r="80"/>
        <zone name="Graze" smin="0" smax="0" dmin="0" dmax="0" x="5224.73" z="8594.49" r="80"/>
        <zone name="Graze" smin="0" smax="0" dmin="0" dmax="0" x="5514.94" z="8699.05" r="60"/>
        <zone name="Rest" smin="0" smax="0" dmin="0" dmax="0" x="5344.32" z="8760.04" r="80"/>
        <zone name="Rest" smin="0" smax="0" dmin="0" dmax="0" x="5336.86" z="8650.27" r="80"/>
    </territory>
    <territory color="872381884">
        <zone name="Water" smin="0" smax="0" dmin="0" dmax="0" x="1501.13" z="3769.41" r="80"/>
        <zone name="Graze" smin="0" smax="0" dmin="0" dmax="0" x="1687.11" z="3915" r="70"/>
        <zone name="Graze" smin="0" smax="0" dmin="0" dmax="0" x="1867.04" z="3889.26" r="60"/>
        <zone name="Graze" smin="0" smax="0" dmin="0" dmax="0" x="1609.36" z="3803.38" r="80"/>
        <zone name="Rest" smin="0" smax="0" dmin="0" dmax="0" x="1404.52" z="4019.37" r="60"/>
        <zone name="Rest" smin="0" smax="0" dmin="0" dmax="0" x="1714.49" z="3691.56" r="50"/>
    </territory>
    <territory color="872381884">
        <zone name="Water" smin="0" smax="0" dmin="0" dmax="0" x="8529.08" z="6147.42" r="50"/>
        <zone name="Graze" smin="0" smax="0" dmin="0" dmax="0" x="8302.75" z="5971.92" r="60"/>
        <zone name="Graze" smin="0" smax="0" dmin="0" dmax="0" x="8431.58" z="6327.92" r="60"/>
        <zone name="Rest" smin="0" smax="0" dmin="0" dmax="0" x="8296.75" z="6243.42" r="50"/>
        <zone name="Rest" smin="0" smax="0" dmin="0" dmax="0" x="8448.25" z="6408.75" r="60"/>
        <zone name="Rest" smin="0" smax="0" dmin="0" dmax="0" x="8533.42" z="6270.75" r="50"/>
    </territory>
    <territory color="872381884">
        <zone name="Water" smin="0" smax="0" dmin="0" dmax="0" x="960.67" z="12436.7" r="60"/>
        <zone name="Graze" smin="0" smax="0" dmin="0" dmax="0" x="906.03" z="12536.7" r="70"/>
        <zone name="Graze" smin="0" smax="0" dmin="0" dmax="0" x="1198.37" z="12559.5" r="80"/>
        <zone name="Graze" smin="0" smax="0" dmin="0" dmax="0" x="1084.85" z="12468.6" r="90"/>
        <zone name="Rest" smin="0" smax="0" dmin="0" dmax="0" x="1576.91" z="12515.6" r="60"/>
        <zone name="Rest" smin="0" smax="0" dmin="0" dmax="0" x="1272.79" z="12463" r="50"/>
    </territory>
    <territory color="872381884">
        <zone name="Water" smin="0" smax="0" dmin="0" dmax="0" x="5407.94" z="7075.43" r="80"/>
        <zone name="Graze" smin="0" smax="0" dmin="0" dmax="0" x="5121.7" z="7417.02" r="90"/>
        <zone name="Graze" smin="0" smax="0" dmin="0" dmax="0" x="5301.26" z="7180.95" r="60"/>
        <zone name="Graze" smin="0" smax="0" dmin="0" dmax="0" x="5111.47" z="7280.01" r="70"/>
        <zone name="Rest" smin="0" smax="0" dmin="0" dmax="0" x="4977.7" z="7457.53" r="60"/>
        <zone name="Rest" smin="0" smax="0" dmin="0" dmax="0" x="5402.73" z="7191.27" r="50"/>
    </territory>
    <territory color="872381884">
        <zone name="Water" smin="0" smax="0" dmin="0" dmax="0" x="7726.74" z="3315.46" r="60"/>
        <zone name="Graze" smin="0" smax="0" dmin="0" dmax="0" x="7906.82" z="3302.61" r="60"/>
        <zone name="Graze" smin="0" smax="0" dmin="0" dmax="0" x="8059.79" z="3108.76" r="60"/>
        <zone name="Graze" smin="0" smax="0" dmin="0" dmax="0" x="7925.61" z="3187.39" r="80"/>
        <zone name="Rest" smin="0" smax="0" dmin="0" dmax="0" x="8010.75" z="3290.59" r="50"/>
        <zone name="Rest" smin="0" smax="0" dmin="0" dmax="0" x="7544.93" z="3401.51" r="60"/>
    </territory>
    <territory color="872381884">
        <zone name="Water" smin="0" smax="0" dmin="0" dmax="0" x="10826.3" z="3619.17" r="60"/>
        <zone name="Graze" smin="0" smax="0" dmin="0" dmax="0" x="10800" z="3708.75" r="60"/>
        <zone name="Graze" smin="0" smax="0" dmin="0" dmax="0" x="10400.4" z="3688.33" r="80"/>
        <zone name="Graze" smin="0" smax="0" dmin="0" dmax="0" x="10625" z="3683.75" r="80"/>
        <zone name="Rest" smin="0" smax="0" dmin="0" dmax="0" x="10712.1" z="3737.5" r="50"/>
        <zone name="Rest" smin="0" smax="0" dmin="0" dmax="0" x="10857.9" z="3510.42" r="60"/>
    </territory>
    <territory color="872381884">
        <zone name="Water" smin="0" smax="0" dmin="0" dmax="0" x="7209.67" z="13137.3" r="50"/>
        <zone name="Graze" smin="0" smax="0" dmin="0" dmax="0" x="7128.5" z="13229.5" r="70"/>
        <zone name="Graze" smin="0" smax="0" dmin="0" dmax="0" x="7138.33" z="13076.7" r="70"/>
        <zone name="Rest" smin="0" smax="0" dmin="0" dmax="0" x="7043.33" z="13235" r="50"/>
        <zone name="Rest" smin="0" smax="0" dmin="0" dmax="0" x="7107.17" z="13157.2" r="50"/>
        <zone name="Rest" smin="0" smax="0" dmin="0" dmax="0" x="7431.67" z="13225" r="50"/>
        <zone name="Graze" smin="0" smax="0" dmin="0" dmax="0" x="7492.62" z="13485.8" r="80"/>
    </territory>
    <territory color="872381884">
        <zone name="Water" smin="0" smax="0" dmin="0" dmax="0" x="14685.7" z="6714.16" r="50"/>
        <zone name="Graze" smin="0" smax="0" dmin="0" dmax="0" x="14678.2" z="6582.16" r="60"/>
        <zone name="Graze" smin="0" smax="0" dmin="0" dmax="0" x="14850.8" z="6576.66" r="60"/>
        <zone name="Rest" smin="0" smax="0" dmin="0" dmax="0" x="14895.6" z="6637.66" r="50"/>
        <zone name="Rest" smin="0" smax="0" dmin="0" dmax="0" x="14632.7" z="6413.66" r="50"/>
    </territory>
    <territory color="872381884">
        <zone name="Water" smin="0" smax="0" dmin="0" dmax="0" x="5649.46" z="14067.6" r="50"/>
        <zone name="Graze" smin="0" smax="0" dmin="0" dmax="0" x="5926.06" z="13886.8" r="70"/>
        <zone name="Graze" smin="0" smax="0" dmin="0" dmax="0" x="6058.56" z="13812.1" r="70"/>
        <zone name="Graze" smin="0" smax="0" dmin="0" dmax="0" x="5403.55" z="14205.1" r="70"/>
        <zone name="Rest" smin="0" smax="0" dmin="0" dmax="0" x="5761.32" z="13728.6" r="80"/>
        <zone name="Rest" smin="0" smax="0" dmin="0" dmax="0" x="6175.66" z="13869.4" r="50"/>
        <zone name="Rest" smin="0" smax="0" dmin="0" dmax="0" x="5738.56" z="13985.6" r="70"/>
    </territory>
    <territory color="872381884">
        <zone name="Water" smin="0" smax="0" dmin="0" dmax="0" x="11125" z="6808.75" r="60"/>
        <zone name="Graze" smin="0" smax="0" dmin="0" dmax="0" x="11174.5" z="6911.61" r="80"/>
        <zone name="Graze" smin="0" smax="0" dmin="0" dmax="0" x="11176.6" z="6775.89" r="70"/>
        <zone name="Rest" smin="0" smax="0" dmin="0" dmax="0" x="11142.5" z="6688.75" r="50"/>
        <zone name="Rest" smin="0" smax="0" dmin="0" dmax="0" x="11282" z="6993.21" r="50"/>
    </territory>
    <territory color="872381884">
        <zone name="Water" smin="0" smax="0" dmin="0" dmax="0" x="659.3" z="11182.3" r="80"/>
        <zone name="Graze" smin="0" smax="0" dmin="0" dmax="0" x="964.67" z="11345.2" r="100"/>
        <zone name="Graze" smin="0" smax="0" dmin="0" dmax="0" x="749.67" z="11176.7" r="80"/>
        <zone name="Rest" smin="0" smax="0" dmin="0" dmax="0" x="617" z="10988.7" r="50"/>
        <zone name="Rest" smin="0" smax="0" dmin="0" dmax="0" x="785.17" z="10863.3" r="90"/>
    </territory>
    <territory color="872381884">
        <zone name="Water" smin="0" smax="0" dmin="0" dmax="0" x="8377.5" z="12587.5" r="50"/>
        <zone name="Graze" smin="0" smax="0" dmin="0" dmax="0" x="8398.04" z="12680.6" r="60"/>
        <zone name="Graze" smin="0" smax="0" dmin="0" dmax="0" x="8603.75" z="12724.1" r="90"/>
        <zone name="Graze" smin="0" smax="0" dmin="0" dmax="0" x="8489.11" z="12815.7" r="60"/>
        <zone name="Rest" smin="0" smax="0" dmin="0" dmax="0" x="8417.33" z="12532.9" r="60"/>
        <zone name="Rest" smin="0" smax="0" dmin="0" dmax="0" x="8387.5" z="12763.1" r="50"/>
    </territory>
    <territory color="872381884">
        <zone name="Water" smin="0" smax="0" dmin="0" dmax="0" x="1786.33" z="6024.5" r="50"/>
        <zone name="Graze" smin="0" smax="0" dmin="0" dmax="0" x="1890.83" z="6036.5" r="60"/>
        <zone name="Graze" smin="0" smax="0" dmin="0" dmax="0" x="1878.33" z="6193.5" r="60"/>
        <zone name="Graze" smin="0" smax="0" dmin="0" dmax="0" x="1856.83" z="5925" r="70"/>
        <zone name="Rest" smin="0" smax="0" dmin="0" dmax="0" x="1994.83" z="5917" r="70"/>
        <zone name="Rest" smin="0" smax="0" dmin="0" dmax="0" x="1776.33" z="6181" r="60"/>
    </territory>
    <territory color="872381884">
        <zone name="Water" smin="0" smax="0" dmin="0" dmax="0" x="449.26" z="12852.7" r="80"/>
        <zone name="Graze" smin="0" smax="0" dmin="0" dmax="0" x="415.76" z="12762.4" r="70"/>
        <zone name="Graze" smin="0" smax="0" dmin="0" dmax="0" x="335.79" z="12898.1" r="70"/>
        <zone name="Rest" smin="0" smax="0" dmin="0" dmax="0" x="419.21" z="12664" r="50"/>
    </territory>
    <territory color="872381884">
        <zone name="Water" smin="0" smax="0" dmin="0" dmax="0" x="5825.96" z="5181.79" r="60"/>
        <zone name="Graze" smin="0" smax="0" dmin="0" dmax="0" x="5863.01" z="4961.31" r="50"/>
        <zone name="Graze" smin="0" smax="0" dmin="0" dmax="0" x="5846.64" z="4846.15" r="80"/>
        <zone name="Graze" smin="0" smax="0" dmin="0" dmax="0" x="5864.37" z="4695.55" r="80"/>
        <zone name="Rest" smin="0" smax="0" dmin="0" dmax="0" x="5785.44" z="4590.25" r="50"/>
        <zone name="Rest" smin="0" smax="0" dmin="0" dmax="0" x="6071.49" z="4900.25" r="50"/>
    </territory>
    <territory color="872381884">
        <zone name="Water" smin="0" smax="0" dmin="0" dmax="0" x="11638.6" z="11025.7" r="60"/>
        <zone name="Graze" smin="0" smax="0" dmin="0" dmax="0" x="11902.9" z="10998.6" r="50"/>
        <zone name="Graze" smin="0" smax="0" dmin="0" dmax="0" x="11800.6" z="10899.7" r="60"/>
        <zone name="Graze" smin="0" smax="0" dmin="0" dmax="0" x="12201.4" z="10874.1" r="70"/>
        <zone name="Rest" smin="0" smax="0" dmin="0" dmax="0" x="12291.8" z="10915" r="60"/>
        <zone name="Rest" smin="0" smax="0" dmin="0" dmax="0" x="11661.5" z="11128.9" r="60"/>
    </territory>
    <territory color="872381884">
        <zone name="Water" smin="0" smax="0" dmin="0" dmax="0" x="797.292" z="4746.68" r="50"/>
        <zone name="Graze" smin="0" smax="0" dmin="0" dmax="0" x="627.009" z="4794.06" r="60"/>
        <zone name="Graze" smin="0" smax="0" dmin="0" dmax="0" x="584.554" z="4706.07" r="60"/>
        <zone name="Graze" smin="0" smax="0" dmin="0" dmax="0" x="347.233" z="4730.18" r="50"/>
        <zone name="Rest" smin="0" smax="0" dmin="0" dmax="0" x="676.563" z="4879.38" r="50"/>
        <zone name="Rest" smin="0" smax="0" dmin="0" dmax="0" x="663.571" z="4711.03" r="50"/>
        <zone name="Rest" smin="0" smax="0" dmin="0" dmax="0" x="691.071" z="5658.62" r="50"/>
    </territory>
    <territory color="872381884">
        <zone name="Water" smin="0" smax="0" dmin="0" dmax="0" x="2848.32" z="5070.1" r="60"/>
        <zone name="Graze" smin="0" smax="0" dmin="0" dmax="0" x="2765.44" z="5057.18" r="90"/>
        <zone name="Graze" smin="0" smax="0" dmin="0" dmax="0" x="2563.18" z="4946.21" r="70"/>
        <zone name="Graze" smin="0" smax="0" dmin="0" dmax="0" x="2766.27" z="5193.61" r="70"/>
        <zone name="Rest" smin="0" smax="0" dmin="0" dmax="0" x="2501.56" z="4704.91" r="50"/>
        <zone name="Rest" smin="0" smax="0" dmin="0" dmax="0" x="2584.7" z="5374.69" r="80"/>
    </territory>
    <territory color="872381884">
        <zone name="Water" smin="0" smax="0" dmin="0" dmax="0" x="3977.16" z="13126.8" r="60"/>
        <zone name="Graze" smin="0" smax="0" dmin="0" dmax="0" x="3812.15" z="12988.1" r="70"/>
        <zone name="Graze" smin="0" smax="0" dmin="0" dmax="0" x="3954.72" z="13027.8" r="70"/>
        <zone name="Graze" smin="0" smax="0" dmin="0" dmax="0" x="3665.57" z="13085" r="80"/>
        <zone name="Rest" smin="0" smax="0" dmin="0" dmax="0" x="3908.7" z="12956.8" r="60"/>
        <zone name="Rest" smin="0" smax="0" dmin="0" dmax="0" x="3551.95" z="13063.5" r="60"/>
        <zone name="Rest" smin="0" smax="0" dmin="0" dmax="0" x="3848.22" z="13081.2" r="50"/>
    </territory>
    <territory color="872381884">
        <zone name="Water" smin="0" smax="0" dmin="0" dmax="0" x="4315.31" z="10051.6" r="60"/>
        <zone name="Graze" smin="0" smax="0" dmin="0" dmax="0" x="4451.88" z="10639.4" r="80"/>
        <zone name="Graze" smin="0" smax="0" dmin="0" dmax="0" x="4426.56" z="10232.5" r="60"/>
        <zone name="Graze" smin="0" smax="0" dmin="0" dmax="0" x="4328.44" z="10409.7" r="100"/>
        <zone name="Rest" smin="0" smax="0" dmin="0" dmax="0" x="4343.44" z="10319.7" r="50"/>
        <zone name="Rest" smin="0" smax="0" dmin="0" dmax="0" x="4295.63" z="10179.1" r="60"/>
    </territory>
    <territory color="872381884">
        <zone name="Water" smin="0" smax="0" dmin="0" dmax="0" x="3481.16" z="6499.29" r="60"/>
        <zone name="Graze" smin="0" smax="0" dmin="0" dmax="0" x="3269.12" z="6859.97" r="80"/>
        <zone name="Graze" smin="0" smax="0" dmin="0" dmax="0" x="3430.03" z="6872.93" r="100"/>
        <zone name="Graze" smin="0" smax="0" dmin="0" dmax="0" x="3122.53" z="6795.88" r="50"/>
        <zone name="Rest" smin="0" smax="0" dmin="0" dmax="0" x="3565.57" z="6508.97" r="80"/>
        <zone name="Rest" smin="0" smax="0" dmin="0" dmax="0" x="3325.71" z="6955.43" r="50"/>
    </territory>
    <territory color="872381884">
        <zone name="Water" smin="0" smax="0" dmin="0" dmax="0" x="4105.5" z="4533.14" r="50"/>
        <zone name="Graze" smin="0" smax="0" dmin="0" dmax="0" x="4228.5" z="4709.5" r="60"/>
        <zone name="Graze" smin="0" smax="0" dmin="0" dmax="0" x="4566.5" z="4700.25" r="60"/>
        <zone name="Graze" smin="0" smax="0" dmin="0" dmax="0" x="4316.75" z="4633.25" r="80"/>
        <zone name="Rest" smin="0" smax="0" dmin="0" dmax="0" x="4220.25" z="4636.25" r="50"/>
        <zone name="Rest" smin="0" smax="0" dmin="0" dmax="0" x="3958.5" z="4783" r="70"/>
    </territory>
    <territory color="872381884">
        <zone name="Water" smin="0" smax="0" dmin="0" dmax="0" x="8261.59" z="12180.7" r="60"/>
        <zone name="Graze" smin="0" smax="0" dmin="0" dmax="0" x="8170.55" z="12279.9" r="70"/>
        <zone name="Graze" smin="0" smax="0" dmin="0" dmax="0" x="8170.55" z="12078.4" r="60"/>
        <zone name="Graze" smin="0" smax="0" dmin="0" dmax="0" x="8126.69" z="11638.8" r="70"/>
        <zone name="Rest" smin="0" smax="0" dmin="0" dmax="0" x="8303.18" z="12316.4" r="50"/>
        <zone name="Rest" smin="0" smax="0" dmin="0" dmax="0" x="8132.55" z="12159.4" r="50"/>
        <zone name="Rest" smin="0" smax="0" dmin="0" dmax="0" x="8140.23" z="11546.6" r="50"/>
    </territory>
</territory-type>
