<types>
	 <type name="ambulancia_crash">
        <nominal>0</nominal>
        <lifetime>14400</lifetime>
        <restock>0</restock>
        <min>0</min>
        <quantmin>-1</quantmin>
        <quantmax>-1</quantmax>
        <cost>100</cost>
        <flags count_in_cargo="0" count_in_hoarder="0" count_in_map="1" count_in_player="0" crafted="0" deloot="0"/>
    </type>
	<type name="PunchedCard">
        <nominal>5</nominal>
        <lifetime>14400</lifetime>
        <restock>0</restock>
        <min>3</min>
        <quantmin>-1</quantmin>
        <quantmax>-1</quantmax>
        <cost>100</cost>
        <flags count_in_cargo="0" count_in_hoarder="0" count_in_map="1" count_in_player="0" crafted="0" deloot="0"/>
        <category name="tools"/>
        <usage name="ContaminatedArea"/>
    </type>
	<type name="Banov_map">
        <nominal>25</nominal>
        <lifetime>14400</lifetime>
        <restock>0</restock>
        <min>15</min>
        <quantmin>-1</quantmin>
        <quantmax>-1</quantmax>
        <cost>100</cost>
        <flags count_in_cargo="0" count_in_hoarder="0" count_in_map="1" count_in_player="0" crafted="0" deloot="0"/>
        <category name="tools"/>
        <tag name="shelves"/>
        <usage name="Hunting"/>
        <usage name="Office"/>
    </type>
</types>