<?xml version="1.0" encoding="UTF-8" standalone="yes"?>
<eventgroupdef>
	<!--<pos x="4004.17" z="5626.96" a="0" y="208.012" group="Podluzanymily"/>-->
	<group name="Podluzanymily">
		<child type="Land_Wreck_offroad02_aban2_DE" deloot="0" lootmax="3" lootmin="1" x="0" z="0" y="0" a="346.23"/>
		<child type="Land_Wreck_truck01_aban1_orange_DE" deloot="0" lootmax="3" lootmin="1" x="3.75" z="-21.46" y="-1.39" a="355.14"/>
		<child type="Land_Wreck_offroad02_aban1_DE" deloot="0" lootmax="3" lootmin="1" x="1.69019" z="-9.35986" y="0.32901" a="350.55"/>
		<child type="StaticObj_Wreck_BMP1_DE" deloot="0" lootmax="3" lootmin="1" x="8.34009" z="-0.509766" y="-0.397995" a="318.69"/>
	</group>
		<!--<pos x="2351.04" z="8935.95" a="0" y="235.778" group="Prosperitycamp"/>-->
	<group name="Prosperitycamp">
		<child type="Land_Wreck_V3S_DE" deloot="0" lootmax="3" lootmin="1" x="-7.43994" z="-10.7197" y="0.266006" a="0"/>
		<child type="Land_Wreck_offroad02_aban2_DE" deloot="0" lootmax="3" lootmin="1" x="-8.53003" z="-1.12012" y="0.479004" a="0"/>
		<child type="StaticObj_Wreck_BMP2_DE" deloot="0" lootmax="3" lootmin="1" x="-15.8101" z="7.84961" y="-0.496002" a="24.03"/>
		<child type="StaticObj_Wreck_Ural_DE" deloot="0" lootmax="4" lootmin="1" x="-8.14014" z="8.58984" y="0.339996" a="0"/>
		<child type="StaticObj_Mil_CamoNet_Side_east" deloot="0" lootmax="0" lootmin="0" x="0.0200195" z="0.530273" y="1.662" a="86.6697"/>
		<child type="land_chz_polevaya_kuhnya" deloot="0" lootmax="0" lootmin="0" x="-0.880127" z="-8.79004" y="0.354996" a="0"/>
		<child type="land_chz_rls_chp75b_up" deloot="0" lootmax="0" lootmin="0" x="-2.68994" z="16.3301" y="2.633" a="51.2999"/>
		<child type="StaticObj_Furniture_canister_DZ" deloot="0" lootmax="0" lootmin="0" x="-1.96997" z="0.569336" y="-0.384003" a="0"/>
		<child type="StaticObj_Furniture_canister_DZ" deloot="0" lootmax="0" lootmin="0" x="2.35986" z="-2.5" y="-0.162003" a="0"/>
		<child type="StaticObj_Furniture_canister_DZ" deloot="0" lootmax="0" lootmin="0" x="-1.80005" z="0.160156" y="-0.378006" a="0"/>
	</group>
		<!--<pos x="2493.76" z="6647.06" a="0" y="214.226" group="Dezericemily"/>-->
	<group name="Dezericemily">
		<child type="StaticObj_Wreck_BMP1_DE" deloot="0" lootmax="3" lootmin="1" x="0" z="0" y="0" a="356.22"/>
		<child type="StaticObj_Wreck_Uaz_DE" deloot="0" lootmax="3" lootmin="1" x="-34.23" z="16.71" y="-0.315994" a="290.88"/>
		<child type="Land_Wreck_V3S_DE" deloot="0" lootmax="3" lootmin="1" x="-21.5801" z="9.77002" y="0.496002" a="294.12"/>
		<child type="Land_Wreck_offroad02_aban1_DE" deloot="0" lootmax="3" lootmin="1" x="-11.29" z="4.37012" y="0.615005" a="302.49"/>
	</group>
		<!--<pos x="7341.69" z="8901.82" a="0" y="310.411" group="Lutovmily"/>-->
	<group name="Lutovmily">
		<child type="Land_Wreck_truck01_aban1_orange_DE" deloot="0" lootmax="3" lootmin="1" x="0" z="0" y="0" a="325.71"/>
		<child type="Land_Wreck_V3S_DE" deloot="0" lootmax="3" lootmin="1" x="13.3999" z="-14.7305" y="1.43399" a="324.09"/>
		<child type="Land_Wreck_offroad02_aban2_DE" deloot="0" lootmax="3" lootmin="1" x="7.3999" z="-7.39063" y="1.46198" a="323.55"/>
	</group>
		<!--<pos x="8579.79" z="11653.1" a="0" y="474.62" group="KopecMilyCamp"/>-->
	<group name="KopecMilyCamp">
		<child type="StaticObj_Mil_CamoNet_Side_east" deloot="0" lootmax="0" lootmin="0" x="0" z="0" y="0" a="283.32"/>
		<child type="Land_Wreck_truck01_aban1_orange_DE" deloot="0" lootmax="3" lootmin="1" x="7.53027" z="-5.59961" y="-1.69598" a="0"/>
		<child type="Land_Wreck_offroad02_aban1_DE" deloot="0" lootmax="3" lootmin="1" x="-1.27051" z="-19.3994" y="0.210999" a="320.31"/>
		<child type="StaticObj_Wreck_BMP2_DE" deloot="0" lootmax="3" lootmin="1" x="5.62988" z="-27.8994" y="-0.850006" a="224.46"/>
		<child type="StaticObj_Wreck_Ural_DE" deloot="0" lootmax="4" lootmin="1" x="9.4502" z="10.3008" y="-0.493988" a="0"/>
		<child type="StaticObj_ammoboxes_stacked" deloot="0" lootmax="0" lootmin="0" x="1.05957" z="-4.19922" y="-0.893005" a="0"/>
		<child type="StaticObj_ammoboxes_big" deloot="0" lootmax="0" lootmin="0" x="0.820313" z="2.10059" y="-0.631989" a="0"/>
		<child type="land_chz_tank_br" deloot="0" lootmax="0" lootmin="0" x="3.22949" z="-14.5" y="-0.165009" a="323.55"/>
	</group>
		<!--<pos x="5404.74" z="14481.1" a="0" y="272.391" group="Slatinamilyattack"/>-->
	<group name="Slatinamilyattack">
		<child type="StaticObj_ShellCrater1" deloot="0" lootmax="0" lootmin="0" x="0" z="0" y="0" a="0"/>
		<child type="StaticObj_Wreck_Uaz_DE" deloot="0" lootmax="3" lootmin="1" x="10.2896" z="5.80078" y="0.886017" a="279.81"/>
		<child type="Land_Wreck_V3S_DE" deloot="0" lootmax="3" lootmin="1" x="0.419922" z="8.10059" y="1.505" a="284.4"/>
		<child type="Land_Wreck_offroad02_aban1_DE" deloot="0" lootmax="3" lootmin="1" x="18.5195" z="4.40039" y="1.80402" a="283.86"/>
		<child type="StaticObj_Wreck_BMP1_DE" deloot="0" lootmax="3" lootmin="1" x="28.9697" z="5.10059" y="1.16501" a="328.95"/>
		<child type="Land_Wreck_Ikarus_DE" deloot="0" lootmax="3" lootmin="1" x="-15.1504" z="11" y="1.39301" a="283.86"/>
		<child type="StaticObj_ShellCrater1" deloot="0" lootmax="0" lootmin="0" x="0.0996094" z="13.8008" y="0.0680237" a="0"/>
		<child type="StaticObj_ShellCrater1" deloot="0" lootmax="0" lootmin="0" x="-33.0601" z="20" y="-0.00598145" a="0"/>
		<child type="StaticObj_ShellCrater1" deloot="0" lootmax="0" lootmin="0" x="22.6997" z="-5.5" y="-0.00299072" a="0"/>
		<child type="StaticObj_ShellCrater1" deloot="0" lootmax="0" lootmin="0" x="24.0498" z="5.80078" y="0.326996" a="0"/>
		<child type="StaticObj_ShellCrater1" deloot="0" lootmax="0" lootmin="0" x="45.2197" z="7.90039" y="0.113007" a="0"/>
		<child type="StaticObj_ShellCrater1" deloot="0" lootmax="0" lootmin="0" x="55.6099" z="-2.69922" y="0.171021" a="0"/>
		<child type="StaticObj_ShellCrater1" deloot="0" lootmax="0" lootmin="0" x="35.0195" z="15.7002" y="0.0920105" a="0"/>
		<child type="StaticObj_ShellCrater2_Large" deloot="0" lootmax="0" lootmin="0" x="-3.79004" z="21.5" y="-1.12698" a="0"/>
		<child type="StaticObj_ShellCrater2_Large" deloot="0" lootmax="0" lootmin="0" x="78.2896" z="-10.8994" y="-0.480988" a="0"/>
		<child type="StaticObj_ShellCrater1_Decal" deloot="0" lootmax="0" lootmin="0" x="78.6899" z="-11.5" y="0.824005" a="0"/>
		<child type="StaticObj_ShellCrater1_Decal" deloot="0" lootmax="0" lootmin="0" x="77.6196" z="-10.6992" y="0.77002" a="0"/>
		<child type="StaticObj_ShellCrater2_Debris" deloot="0" lootmax="0" lootmin="0" x="-29.52" z="17.6006" y="0.0160217" a="0"/>
		<child type="StaticObj_ShellCrater2_Debris" deloot="0" lootmax="0" lootmin="0" x="-22.3901" z="13.8008" y="0.0160217" a="0"/>
		<child type="StaticObj_ShellCrater2_Debris" deloot="0" lootmax="0" lootmin="0" x="-20.1504" z="16.1006" y="0.0160217" a="0"/>
		<child type="StaticObj_ShellCrater2_Debris" deloot="0" lootmax="0" lootmin="0" x="-4.04004" z="7.90039" y="0.0160217" a="0"/>
		<child type="StaticObj_ShellCrater2_Debris" deloot="0" lootmax="0" lootmin="0" x="7.31982" z="9.7002" y="0.0160217" a="0"/>
		<child type="StaticObj_ShellCrater2_Debris" deloot="0" lootmax="0" lootmin="0" x="27" z="1.90039" y="0.0160217" a="0"/>
		<child type="StaticObj_ShellCrater2_Debris" deloot="0" lootmax="0" lootmin="0" x="30.6899" z="9.10059" y="0.0160217" a="0"/>
		<child type="StaticObj_Wreck_Decal_Small2" deloot="0" lootmax="0" lootmin="0" x="-38.8804" z="16.3008" y="-0.48999" a="0"/>
	</group>
		<!--<pos x="5793.8" z="11474.5" a="0" y="362.248" group="Kopecmilykonvoj"/>-->
	<group name="Kopecmilykonvoj">
		<child type="StaticObj_Wreck_BMP2_DE" deloot="0" lootmax="3" lootmin="1" x="0" z="0" y="0" a="118.53"/>
		<child type="StaticObj_Wreck_Decal_Small2" deloot="0" lootmax="0" lootmin="0" x="23.4004" z="36.7998" y="-1.18298" a="0"/>
		<child type="StaticObj_Wreck_Uaz_DE" deloot="0" lootmax="3" lootmin="1" x="39.0303" z="-11.7002" y="-0.0449829" a="284.94"/>
		<child type="Land_Wreck_offroad02_aban1_DE" deloot="0" lootmax="3" lootmin="1" x="28.79" z="-7.90039" y="0.922028" a="308.61"/>
		<child type="Land_Wreck_truck01_aban1_orange_DE" deloot="0" lootmax="3" lootmin="1" x="19.29" z="-2.90039" y="-0.991974" a="299.52"/>
		<child type="StaticObj_Wreck_BRDM_DE" deloot="0" lootmax="4" lootmin="1" x="2.03027" z="26.7002" y="-0.847992" a="0"/>
	</group>
		<!--<pos x="1139.95" z="6359.87" a="0" y="268.897" group="DeltaEvakuvacia"/>-->
	<group name="DeltaEvakuvacia">
		<child type="StaticObj_Wreck_BMP1_DE" deloot="0" lootmax="3" lootmin="1" x="0" z="0" y="0" a="0"/>
		<child type="Land_Wreck_Ikarus_DE" deloot="0" lootmax="3" lootmin="1" x="-40.7899" z="39.3398" y="0.019989" a="324.09"/>
		<child type="Land_Wreck_offroad02_aban1_DE" deloot="0" lootmax="3" lootmin="1" x="-49.63" z="50.4697" y="0.459991" a="320.58"/>
		<child type="Land_Wreck_truck01_aban1_orange_DE" deloot="0" lootmax="3" lootmin="1" x="-28.97" z="26.27" y="-1.35199" a="320.58"/>
		<child type="Land_Wreck_Ikarus_DE" deloot="0" lootmax="3" lootmin="1" x="-16.74" z="11.3198" y="0.100006" a="312.48"/>
	</group>
		<!--<pos x="4946.49" z="5580.75" a="0" y="208.111" group="PodluzanyEvakuvacia"/>-->
	<group name="PodluzanyEvakuvacia">
		<child type="Land_Wreck_Ikarus_DE" deloot="0" lootmax="3" lootmin="1" x="0" z="0" y="0" a="350.01"/>
		<child type="Land_Wreck_S1023_Blue" deloot="0" lootmax="3" lootmin="1" x="2.25977" z="-11.5698" y="-0.0879974" a="351.09"/>
		<child type="Land_Wreck_offroad02_aban1_DE" deloot="0" lootmax="3" lootmin="1" x="4.45996" z="-20.5098" y="0.865005" a="347.04"/>
		<child type="Land_Wreck_Ikarus_DE" deloot="0" lootmax="3" lootmin="1" x="6.32959" z="-32.0698" y="0.368011" a="351.36"/>
		<child type="StaticObj_Wreck_HMMWV_DE" deloot="0" lootmax="3" lootmin="1" x="10.6299" z="-75.4399" y="0.149002" a="62.3699"/>
		<child type="Land_Wreck_hb01_aban1_blue_DE" deloot="0" lootmax="3" lootmin="1" x="10.1899" z="-50.1401" y="0.238007" a="358.38"/>
	</group>
		<!--<pos x="12572.8" z="10014.3" a="0" y="332.136" group="Radisamily"/>-->
	<group name="Radisamily">
		<child type="StaticObj_Wreck_BMP1_DE" deloot="0" lootmax="3" lootmin="1" x="0" z="0" y="0" a="59.1299"/>
		<child type="StaticObj_Wreck_Uaz_DE" deloot="0" lootmax="3" lootmin="1" x="-8.5" z="36.5" y="-0.315979" a="0"/>
		<child type="Land_Wreck_offroad02_aban2_DE" deloot="0" lootmax="3" lootmin="1" x="0.200195" z="39.4004" y="0.384003" a="71.8199"/>
		<child type="StaticObj_Wreck_Mi8_Crashed" deloot="0" lootmax="0" lootmin="0" x="6.2998" z="24.7998" y="0.674011" a="0"/>
		<child type="StaticObj_Roadblock_CncBlocks_Long" deloot="0" lootmax="0" lootmin="0" x="-15.3994" z="-10.7002" y="-0.552979" a="280.08"/>
		<child type="StaticObj_Roadblock_CncBlocks_Long" deloot="0" lootmax="0" lootmin="0" x="-10.2998" z="-11.5" y="-0.553986" a="278.46"/>
		<child type="StaticObj_Roadblock_CncBlock" deloot="0" lootmax="0" lootmin="0" x="-7.59961" z="-10.7002" y="-0.893982" a="0"/>
		<child type="StaticObj_Roadblock_CncBlocks_short" deloot="0" lootmax="0" lootmin="0" x="-15" z="-17.2402" y="-0.557983" a="302.49"/>
		<child type="Land_Wreck_truck01_aban1_orange_DE" deloot="0" lootmax="3" lootmin="1" x="-1.09961" z="17.4004" y="-1.23297" a="27.2708"/>
	</group>
	<!--<pos x="2793.92" z="4281.62" a="0" y="217.183" group="VlakVeronika"/>-->
	<group name="VlakVeronika">
		<child type="StaticObj_Wreck_Train_Wagon_Tanker_Mil_DE" deloot="0" lootmax="3" lootmin="1" x="0" z="0" y="0" a="278.46"/>
		<child type="StaticObj_Wreck_Train_742_Blue_DE" deloot="0" lootmax="3" lootmin="1" x="-102.6" z="14" y="0.305008" a="277"/>
		<child type="StaticObj_Wreck_Train_Wagon_Flat_DE" deloot="0" lootmax="5" lootmin="1" x="-87.5" z="12.0601" y="-1.386" a="97.0298"/>
		<child type="StaticObj_Wreck_Train_Wagon_Flat_DE" deloot="0" lootmax="5" lootmin="1" x="-70.52" z="9.75" y="-1.386" a="98.5499"/>
		<child type="StaticObj_Wreck_Train_Wagon_Tanker_DE" deloot="0" lootmax="3" lootmin="1" x="-56.4199" z="7.75977" y="0" a="96.9295"/>
		<child type="StaticObj_Wreck_Train_Wagon_Tanker_DE" deloot="0" lootmax="3" lootmin="1" x="-45.23" z="6.27002" y="0" a="279"/>
		<child type="StaticObj_Train_Wagon_Flat_Industrial_Barrels_DE" deloot="0" lootmax="3" lootmin="1" x="-31.0999" z="4.25" y="-1.386" a="98"/>
		<child type="StaticObj_Train_Wagon_Flat_Industrial_Barrels_DE" deloot="0" lootmax="3" lootmin="1" x="-14.1199" z="1.87012" y="-1.386" a="277.38"/>
		<child type="StaticObj_Wreck_Train_Wagon_Tanker_Mil_DE" deloot="0" lootmax="3" lootmin="1" x="11.1902" z="-1.56006" y="0" a="277.92"/>
		<child type="StaticObj_Wreck_Train_742_Red_DE" deloot="0" lootmax="3" lootmin="1" x="23.3" z="-3.34033" y="0.328003" a="278.73"/>
		<child type="Land_Container_1Mo_DE" deloot="0" lootmax="3" lootmin="1" x="-30.78" z="4.08984" y="0.487" a="97.1898"/>
		<child type="Land_Container_1Aoh_DE" deloot="0" lootmax="3" lootmin="1" x="-10.9199" z="1.5498" y="0.498001" a="97.7396"/>
		<child type="Land_Container_1Mo_DE" deloot="0" lootmax="3" lootmin="1" x="-70.5598" z="9.46973" y="0.537994" a="279"/>
		<child type="Land_Wreck_offroad02_aban2_DE" deloot="0" lootmax="3" lootmin="1" x="-84.22" z="11.71" y="0.904007" a="99.3596"/>
	</group>
	<!--<pos x="4155.13" z="3482.62" a="0" y="203.165" group="Ozorovcevlak"/>-->
	<group name="OzorovceVlak">
		<child type="land_chz_train_vagon_platforma" deloot="0" lootmax="0" lootmin="0" x="0" z="0" y="0" a="308"/>
		<child type="StaticObj_Wreck_Train_742_Red_DE" deloot="0" lootmax="3" lootmin="1" x="88.29" z="-67.8101" y="1.123" a="306.54"/>
		<child type="StaticObj_Wreck_Train_Wagon_Tanker_DE" deloot="0" lootmax="3" lootmin="1" x="78.3901" z="-60.53" y="0.637009" a="308"/>
		<child type="StaticObj_Wreck_Train_Wagon_Tanker_DE" deloot="0" lootmax="3" lootmin="1" x="69.5303" z="-53.5601" y="0.637009" a="308.16"/>
		<child type="StaticObj_Wreck_Train_Wagon_Flat_DE" deloot="0" lootmax="5" lootmin="1" x="58.3799" z="-44.7202" y="-0.632996" a="307.89"/>
		<child type="StaticObj_Wreck_Train_Wagon_Flat_DE" deloot="0" lootmax="5" lootmin="1" x="44.77" z="-34.3" y="-0.792999" a="308"/>
		<child type="StaticObj_Wreck_Train_Wagon_Tanker_DE" deloot="0" lootmax="3" lootmin="1" x="33.6104" z="-25.6001" y="0.637009" a="307.08"/>
		<child type="land_chz_train_vagon_02_open_krash" deloot="0" lootmax="0" lootmin="0" x="23.9199" z="-18.51" y="0.999008" a="308.43"/>
		<child type="land_chz_train_vagon_01_open_br1" deloot="0" lootmax="0" lootmin="0" x="9.18018" z="-8.39014" y="1.12701" a="307.26"/>
		<child type="land_chz_train_vagon_suburban_02" deloot="0" lootmax="0" lootmin="0" x="-14.71" z="11.5198" y="1.761" a="308"/>
		<child type="Land_Container_1Bo_DE" deloot="0" lootmax="3" lootmin="1" x="44.0103" z="-33.8401" y="1.093" a="307"/>
	</group>
	<!--<pos x="8639.61" z="6005.53" a="0" y="242.192" group="PoliceDubnicka"/>-->
	<group name="PoliceDubnicka">
		<child type="Land_Wreck_hb01_aban1_police" deloot="0" lootmax="4" lootmin="1" x="0" z="0" y="0" a="33.7499"/>
		<child type="Land_Wreck_V3S_DE" deloot="0" lootmax="3" lootmin="1" x="4.85938" z="6.54004" y="0.785995" a="41.8499"/>
	</group>
	<!--<pos x="5097.06" z="10082.7" a="0" y="224.985" group="PoliceTimo"/>-->
	<group name="PoliceTimo">
		<child type="Land_Wreck_truck01_aban1_orange_DE" deloot="0" lootmax="3" lootmin="1" x="0" z="0" y="0" a="146.339"/>
		<child type="Land_Wreck_hb01_aban1_police" deloot="0" lootmax="4" lootmin="1" x="-3.55029" z="6.89941" y="1.00999" a="147.689"/>
	</group>
	<!--<pos x="11034.6" z="7233.59" a="0" y="362.075" group="PolicePole"/>-->
	<group name="PolicePole">
		<child type="Land_Wreck_hb01_aban1_police" deloot="0" lootmax="4" lootmin="1" x="0" z="0" y="0" a="116.37"/>
		<child type="Land_Wreck_V3S_DE" deloot="0" lootmax="3" lootmin="1" x="-7.7998" z="3.64014" y="0.534973" a="122.04"/>
	</group>
		<!--<pos x="10568.1" z="3845.92" a="0" y="235.598" group="PoliceUh"/>-->
	<group name="PoliceUh">
		<child type="Land_Wreck_V3S_DE" deloot="0" lootmax="3" lootmin="1" x="0" z="0" y="0" a="317.88"/>
		<child type="Land_Wreck_hb01_aban1_police" deloot="0" lootmax="4" lootmin="1" x="-15.5996" z="-3.31982" y="-0.549011" a="281.7"/>
	</group>
	<!--<pos x="15170.4" z="3161.92" a="0" y="516.006" group="Policeforest"/>-->
	<group name="Policeforest">
		<child type="Land_Wreck_V3S_DE" deloot="0" lootmax="3" lootmin="1" x="0" z="0" y="0" a="223.29"/>
		<child type="Land_Wreck_hb01_aban1_police" deloot="0" lootmax="4" lootmin="1" x="6.89941" z="6.56006" y="-0.560974" a="244.44"/>
	</group>
	</eventgroupdef>