﻿<?xml version="1.0" encoding="utf-8"?>
<playerspawnpoints>
  <fresh>
    <spawn_params>
      <min_dist_infected>30.0</min_dist_infected>
      <max_dist_infected>70.0</max_dist_infected>
      <min_dist_player>25.0</min_dist_player>
      <max_dist_player>70.0</max_dist_player>
      <min_dist_static>0.5</min_dist_static>
      <max_dist_static>2.0</max_dist_static>
    </spawn_params>
    <generator_params>
      <grid_density>8</grid_density>
      <grid_width>40.0</grid_width>
      <grid_height>40.0</grid_height>
      <min_dist_static>0.5</min_dist_static>
      <max_dist_static>2.0</max_dist_static>
      <min_steepness>-45</min_steepness>
      <max_steepness>45</max_steepness>
    </generator_params>
    <generator_posbubbles>
		<pos x="7185.2" y="231.275" z="1215.59" a="0"/>
		<pos x="7415.3" y="221.928" z="1377.87" a="0"/>
		<pos x="9554.58" y="248.302" z="1434.1" a="0"/>
		<pos x="9816.96" y="276.946" z="1262.47" a="0"/>
		<pos x="10037.9" y="265.242" z="1323.62" a="0"/>
		<pos x="10292.4" y="266.404" z="1422.26" a="0"/>
		<pos x="10047.8" y="252.506" z="1447.91" a="0"/>
		<pos x="9390.83" y="245.055" z="1337.43" a="0"/>
		<pos x="12833.3" y="312.873" z="390.976" a="0"/>
		<pos x="12918" y="305.124" z="309.321" a="0"/>
		<pos x="12922.6" y="299.517" z="212.261" a="0"/>
		<pos x="4522.78" y="189.396" z="224.519" a="0"/>
		<pos x="4646.1" y="190.079" z="264.47" a="0"/>
		<pos x="989.485" y="246.502" z="207.679" a="0"/>
		<pos x="1181.15" y="234.341" z="216.452" a="0"/>
		<pos x="1256.04" y="231.315" z="143.826" a="0"/>
		<pos x="909.437" y="236.185" z="477.082" a="0"/>
		<pos x="4855.8" y="193.304" z="268.358" a="0"/>
		<pos x="3115.94" y="200.552" z="216.179" a="0"/>
		<pos x="3555.75" y="202.207" z="182.633" a="0"/>
		<pos x="2545.53" y="209.75" z="495.719" a="0"/>
		<pos x="5597.51" y="194.316" z="600.08" a="0"/>
		<pos x="6037.32" y="215.319" z="402.539" a="0"/>
		<pos x="6242.32" y="216.666" z="626.17" a="0"/>
		<pos x="6428.68" y="243.338" z="331.722" a="0"/>
		<pos x="6506.95" y="222.314" z="790.167" a="0"/>
		<pos x="6793.94" y="251.296" z="741.714" a="0"/>
		<pos x="6603.86" y="205.618" z="1073.43" a="0"/>
		<pos x="7040.09" y="243.321" z="1051.07" a="0"/>
		<pos x="7181.72" y="240.974" z="1151.71" a="0"/>
		<pos x="7353.17" y="228.988" z="1151.71" a="0"/>
		<pos x="7586.65" y="238.933" z="1263.52" a="0"/>
		<pos x="9357.96" y="237.079" z="1244.89" a="0"/>
		<pos x="9749.32" y="290.314" z="1039.89" a="0"/>
		<pos x="10054.9" y="288.588" z="1095.8" a="0"/>
		<pos x="10304.7" y="286.46" z="1282.16" a="0"/>
		<pos x="12423.4" y="311.413" z="196.783" a="0"/>
		<pos x="12686.8" y="313.432" z="145.317" a="0"/>
		<pos x="12880.5" y="298.734" z="105.96" a="0"/>
		<pos x="12674.7" y="309.563" z="460.169" a="0"/>
		<pos x="12535.4" y="311.611" z="302.743" a="0"/>
		<pos x="805.122" y="229.656" z="670.936" a="0"/>
		<pos x="2795.43" y="204.484" z="310.247" a="0"/>
		<pos x="3389.91" y="207.079" z="314.87" a="0"/>
		<pos x="4289.37" y="189.518" z="155.013" a="0"/>
		<pos x="5258.3" y="197.69" z="392.377" a="0"/>
		<pos x="5843.76" y="200.777" z="531.015" a="0"/>
		<pos x="6287.87" y="230.09" z="463.778" a="0"/>
		<pos x="6200.68" y="228.622" z="209.461" a="0"/>
		<pos x="6353.27" y="224.514" z="643.011" a="0"/>
		<pos x="6617.28" y="242.534" z="679.342" a="0"/>
		<pos x="6501.02" y="205.012" z="953.036" a="0"/>
		<pos x="6943" y="213.038" z="1225.28" a="0"/>
    </generator_posbubbles>
  </fresh>
  <hop>
    <generator_posbubbles>
		<pos x="7185.2" y="231.275" z="1215.59" a="0"/>
		<pos x="7415.3" y="221.928" z="1377.87" a="0"/>
		<pos x="9554.58" y="248.302" z="1434.1" a="0"/>
		<pos x="9816.96" y="276.946" z="1262.47" a="0"/>
		<pos x="10037.9" y="265.242" z="1323.62" a="0"/>
		<pos x="10292.4" y="266.404" z="1422.26" a="0"/>
		<pos x="10047.8" y="252.506" z="1447.91" a="0"/>
		<pos x="9390.83" y="245.055" z="1337.43" a="0"/>
		<pos x="12833.3" y="312.873" z="390.976" a="0"/>
		<pos x="12918" y="305.124" z="309.321" a="0"/>
		<pos x="12922.6" y="299.517" z="212.261" a="0"/>
		<pos x="4522.78" y="189.396" z="224.519" a="0"/>
		<pos x="4646.1" y="190.079" z="264.47" a="0"/>
		<pos x="989.485" y="246.502" z="207.679" a="0"/>
		<pos x="1181.15" y="234.341" z="216.452" a="0"/>
		<pos x="1256.04" y="231.315" z="143.826" a="0"/>
		<pos x="909.437" y="236.185" z="477.082" a="0"/>
		<pos x="4855.8" y="193.304" z="268.358" a="0"/>
		<pos x="3115.94" y="200.552" z="216.179" a="0"/>
		<pos x="3555.75" y="202.207" z="182.633" a="0"/>
		<pos x="2545.53" y="209.75" z="495.719" a="0"/>
		<pos x="5597.51" y="194.316" z="600.08" a="0"/>
		<pos x="6037.32" y="215.319" z="402.539" a="0"/>
		<pos x="6242.32" y="216.666" z="626.17" a="0"/>
		<pos x="6428.68" y="243.338" z="331.722" a="0"/>
		<pos x="6506.95" y="222.314" z="790.167" a="0"/>
		<pos x="6793.94" y="251.296" z="741.714" a="0"/>
		<pos x="6603.86" y="205.618" z="1073.43" a="0"/>
		<pos x="7040.09" y="243.321" z="1051.07" a="0"/>
		<pos x="7181.72" y="240.974" z="1151.71" a="0"/>
		<pos x="7353.17" y="228.988" z="1151.71" a="0"/>
		<pos x="7586.65" y="238.933" z="1263.52" a="0"/>
		<pos x="9357.96" y="237.079" z="1244.89" a="0"/>
		<pos x="9749.32" y="290.314" z="1039.89" a="0"/>
		<pos x="10054.9" y="288.588" z="1095.8" a="0"/>
		<pos x="10304.7" y="286.46" z="1282.16" a="0"/>
		<pos x="12423.4" y="311.413" z="196.783" a="0"/>
		<pos x="12686.8" y="313.432" z="145.317" a="0"/>
		<pos x="12880.5" y="298.734" z="105.96" a="0"/>
		<pos x="12674.7" y="309.563" z="460.169" a="0"/>
		<pos x="12535.4" y="311.611" z="302.743" a="0"/>
		<pos x="805.122" y="229.656" z="670.936" a="0"/>
		<pos x="2795.43" y="204.484" z="310.247" a="0"/>
		<pos x="3389.91" y="207.079" z="314.87" a="0"/>
		<pos x="4289.37" y="189.518" z="155.013" a="0"/>
		<pos x="5258.3" y="197.69" z="392.377" a="0"/>
		<pos x="5843.76" y="200.777" z="531.015" a="0"/>
		<pos x="6287.87" y="230.09" z="463.778" a="0"/>
		<pos x="6200.68" y="228.622" z="209.461" a="0"/>
		<pos x="6353.27" y="224.514" z="643.011" a="0"/>
		<pos x="6617.28" y="242.534" z="679.342" a="0"/>
		<pos x="6501.02" y="205.012" z="953.036" a="0"/>
		<pos x="6943" y="213.038" z="1225.28" a="0"/>
    </generator_posbubbles>
  </hop>
  <travel>
    <generator_posbubbles>
		<pos x="7185.2" y="231.275" z="1215.59" a="0"/>
		<pos x="7415.3" y="221.928" z="1377.87" a="0"/>
		<pos x="9554.58" y="248.302" z="1434.1" a="0"/>
		<pos x="9816.96" y="276.946" z="1262.47" a="0"/>
		<pos x="10037.9" y="265.242" z="1323.62" a="0"/>
		<pos x="10292.4" y="266.404" z="1422.26" a="0"/>
		<pos x="10047.8" y="252.506" z="1447.91" a="0"/>
		<pos x="9390.83" y="245.055" z="1337.43" a="0"/>
		<pos x="12833.3" y="312.873" z="390.976" a="0"/>
		<pos x="12918" y="305.124" z="309.321" a="0"/>
		<pos x="12922.6" y="299.517" z="212.261" a="0"/>
		<pos x="4522.78" y="189.396" z="224.519" a="0"/>
		<pos x="4646.1" y="190.079" z="264.47" a="0"/>
		<pos x="989.485" y="246.502" z="207.679" a="0"/>
		<pos x="1181.15" y="234.341" z="216.452" a="0"/>
		<pos x="1256.04" y="231.315" z="143.826" a="0"/>
		<pos x="909.437" y="236.185" z="477.082" a="0"/>
		<pos x="4855.8" y="193.304" z="268.358" a="0"/>
		<pos x="3115.94" y="200.552" z="216.179" a="0"/>
		<pos x="3555.75" y="202.207" z="182.633" a="0"/>
		<pos x="2545.53" y="209.75" z="495.719" a="0"/>
		<pos x="5597.51" y="194.316" z="600.08" a="0"/>
		<pos x="6037.32" y="215.319" z="402.539" a="0"/>
		<pos x="6242.32" y="216.666" z="626.17" a="0"/>
		<pos x="6428.68" y="243.338" z="331.722" a="0"/>
		<pos x="6506.95" y="222.314" z="790.167" a="0"/>
		<pos x="6793.94" y="251.296" z="741.714" a="0"/>
		<pos x="6603.86" y="205.618" z="1073.43" a="0"/>
		<pos x="7040.09" y="243.321" z="1051.07" a="0"/>
		<pos x="7181.72" y="240.974" z="1151.71" a="0"/>
		<pos x="7353.17" y="228.988" z="1151.71" a="0"/>
		<pos x="7586.65" y="238.933" z="1263.52" a="0"/>
		<pos x="9357.96" y="237.079" z="1244.89" a="0"/>
		<pos x="9749.32" y="290.314" z="1039.89" a="0"/>
		<pos x="10054.9" y="288.588" z="1095.8" a="0"/>
		<pos x="10304.7" y="286.46" z="1282.16" a="0"/>
		<pos x="12423.4" y="311.413" z="196.783" a="0"/>
		<pos x="12686.8" y="313.432" z="145.317" a="0"/>
		<pos x="12880.5" y="298.734" z="105.96" a="0"/>
		<pos x="12674.7" y="309.563" z="460.169" a="0"/>
		<pos x="12535.4" y="311.611" z="302.743" a="0"/>
		<pos x="805.122" y="229.656" z="670.936" a="0"/>
		<pos x="2795.43" y="204.484" z="310.247" a="0"/>
		<pos x="3389.91" y="207.079" z="314.87" a="0"/>
		<pos x="4289.37" y="189.518" z="155.013" a="0"/>
		<pos x="5258.3" y="197.69" z="392.377" a="0"/>
		<pos x="5843.76" y="200.777" z="531.015" a="0"/>
		<pos x="6287.87" y="230.09" z="463.778" a="0"/>
		<pos x="6200.68" y="228.622" z="209.461" a="0"/>
		<pos x="6353.27" y="224.514" z="643.011" a="0"/>
		<pos x="6617.28" y="242.534" z="679.342" a="0"/>
		<pos x="6501.02" y="205.012" z="953.036" a="0"/>
		<pos x="6943" y="213.038" z="1225.28" a="0"/>
    </generator_posbubbles>
  </travel>
</playerspawnpoints>