﻿<?xml version="1.0" encoding="utf-8"?>
<playerspawnpoints>
  <fresh>
    <spawn_params>
      <min_dist_infected>1.0</min_dist_infected>
      <max_dist_infected>1.0</max_dist_infected>
      <min_dist_player>1.0</min_dist_player>
      <max_dist_player>1.0</max_dist_player>
      <min_dist_static>1.5</min_dist_static>
      <max_dist_static>2.0</max_dist_static>
    </spawn_params>
    <generator_params>
      <grid_density>8</grid_density>
      <grid_width>1.0</grid_width>
      <grid_height>1.0</grid_height>
      <min_dist_static>0.5</min_dist_static>
      <max_dist_static>2.0</max_dist_static>
      <min_steepness>-45</min_steepness>
      <max_steepness>45</max_steepness>
    </generator_params>
    <generator_posbubbles>
		<pos x="4925.57" y="201.394" z="4893.5" a="0"/>
		<pos x="4924.55" y="201.394" z="4885.74" a="0"/>
		<pos x="4915.18" y="201.394" z="4887.52" a="0"/>
    </generator_posbubbles>
  </fresh>
  <hop>
    <generator_posbubbles>
		<pos x="4925.57" y="201.394" z="4893.5" a="0"/>
		<pos x="4924.55" y="201.394" z="4885.74" a="0"/>
		<pos x="4915.18" y="201.394" z="4887.52" a="0"/>
    </generator_posbubbles>
  </hop>
  <travel>
    <generator_posbubbles>
		<pos x="4925.57" y="201.394" z="4893.5" a="0"/>
		<pos x="4924.55" y="201.394" z="4885.74" a="0"/>
		<pos x="4915.18" y="201.394" z="4887.52" a="0"/>
    </generator_posbubbles>
  </travel>
</playerspawnpoints>